Name,TaxID
Chiropotes sagulatus,3134011
Cebus castaneus,3128532
Saguinus martinsi ochraceus,3104633
unclassified Simiiformes,3085341
unclassified Callitrichinae,3085340
Papionini sp.,3074504
unclassified Cercopithecinae,3074503
Eulemur macaco rufus,3074501
Cercocebus lunulatus,3074498
Avahi meridionalis,3061928
Hapalemur meridionalis,3043112
Cheirogaleus grovesi,3043111
Hapalemur gilberti,3043110
Cheirogaleus andysabini,3043109
Microcebus manitatra,3043108
Microcebus boraha,3043107
Cheirogaleus shethi,3043106
Avahi betsileo,3043105
Paragalago granti,3043104
Allocebus trichotus,3043103
Xanthonycticebus sp. i MB-2023,3030689
unclassified Xanthonycticebus,3030688
Nycticebus kayan,3030687
Nycticebus borneanus,3030686
Xanthonycticebus,3030685
Macaca fascicularis x Macaca mulatta,3016450
Saguinus sp. k TH-2022,2979366
Saguinus mystax pluto,2979365
Saguinus mystax pileatus,2979364
Cercopithecus sp. T2678,2959331
Cercopithecus sp. T2648,2959330
Cercopithecus sp. T2665,2959329
Cercopithecus sp. Y40,2959328
Cercopithecus sp. Y36,2959327
Cercopithecus sp. T2649,2959326
Cercopithecus sp. T2610,2959325
Cercocebus sp. Y45,2959324
unclassified Cercocebus,2959323
Cercopithecus sp. T2685,2959313
Cercopithecus sp. T2682,2959312
Cercopithecus sp. T2647,2959311
Cercopithecus sp. T2689,2959310
Cercopithecus sp. T2690,2959309
Cercopithecus sp. T2688,2959308
Cercopithecus sp. T2681,2959307
Cercopithecus sp. T2632,2959306
Cercopithecus sp. T2601,2959305
Cercopithecus sp. T1714,2959304
Cercopithecus sp. T1676,2959303
Cercopithecus sp. T1713,2959302
Cercopithecus sp. T2619,2959301
Cercopithecus sp. T2598,2959300
Saguinus sp. SMAR567,2952800
Saguinus sp. SMA57,2952799
Saguinus sp. SBB1115,2952798
Saguinus sp. SBB1000,2952797
Saguinus sp. CTGA163,2952796
Saguinus sp. SMI1278,2952771
Saguinus sp. INUSTUS708,2952770
Saguinus sp. INUSTUS723,2952769
Saguinus sp. SIM_F,2952768
Saguinus sp. SG20,2952767
Saguinus sp. SG15,2952766
Saguinus sp. SG25,2952765
Saguinus sp. SMI250,2952764
Saguinus sp. SMI257,2952763
Saguinus sp. CN287,2952762
Saguinus sp. CN274,2952761
Saguinus sp. CN232,2952760
Saguinus sp. SMIRC21,2952759
Saguinus sp. MJ-2022,2946525
Pithecia sp. MJ-2022,2946524
Mico sp. n. MJ-2022,2946523
Saimiri macrodon,2946522
Saimiri cassiquiarensis,2946521
Plecturocebus dubius,2946520
Pithecia vanzolinii,2946519
Pithecia pissinatti,2946518
Pithecia mittermeieri,2946517
Pithecia hirsuta,2946516
Pithecia chrysocephala,2946515
Pithecia albicans,2946514
Cacajao calvus ucayalii,2946513
Alouatta juara,2946512
Cacajao sp. a FES-2022,2937889
Nycticebus hilleri,2933639
Saguinus sp. SG26,2931051
Saguinus sp. TMDSU,2931050
Saguinus sp. SW4466,2931049
Saguinus sp. SOEDCALI,2931048
Saguinus sp. SLEUCALI,2931047
Saguinus sp. SMI218,2931046
Saguinus sp. SG19,2931045
Saguinus sp. SG17,2931044
Saguinus sp. INUSTUS706,2931043
Tarsius pumilus,2925011
Hominidae sp.,2922388
unclassified Hominidae,2922387
Saguinus labiatus rufiventer,2918764
Saguinus ursulus,2918763
Leontocebus fuscus,2918762
Saguinus sp. SBBXSMA711,2918757
Saguinus sp. SMIXSBB,2918756
Alouatta ululata,2905218
Alouatta discolor,2905217
Homo sapiens x Pan troglodytes tetraploid cell line,2883641
Hominidae intergeneric hybrids,2883640
Callithrix sp. BJT022,2873328
Mico schneideri,2850016
unclassified Mico,2850015
Hylobates lar x Hylobates pileatus,2841023
Plecturocebus discolor,2839868
Pithecia aequatorialis,2839867
Macaca sp. XT-2021,2838830
Cebuella niveiventris,2826950
Presbytis sp. Pres2,2822462
Homo sp.,2813599
unclassified Homo,2813598
Semnopithecus ajax,2805936
Sapajus sp. Pr035,2805706
Semnopithecus schistaceus,2804203
Hylobates sp. KM-2020,2768846
Hylobates agilis x Hylobates albibarbis,2768845
Nomascus leucogenys x Nomascus gabriellae,2768844
Macaca togeanus,2767338
Callithrix sp. 18 JM-2020,2765903
Callithrix sp. 17 JM-2020,2765902
Callithrix sp. 16 JM-2020,2765901
Callithrix sp. 15 JM-2020,2765900
Callithrix sp. 14 JM-2020,2765899
Callithrix sp. 13 JM-2020,2765898
Callithrix sp. 12 JM-2020,2765897
Callithrix sp. 11 JM-2020,2765896
Callithrix sp. 10 JM-2020,2765895
Callithrix sp. 9 JM-2020,2765894
Callithrix sp. 8 JM-2020,2765893
Callithrix sp. 7 JM-2020,2765892
Callithrix sp. 6 JM-2020,2765891
Callithrix sp. 5 JM-2020,2765890
Callithrix sp. 4 JM-2020,2765889
Callithrix sp. 3 JM-2020,2765888
Callithrix sp. 2 JM-2020,2765887
Callithrix sp. 1 JM-2020,2765886
unclassified Callithrix,2765885
Pongo pygmaeus wurmbii,2753606
Pongo pygmaeus morio,2753605
Ateles sp. Ate-2,2746758
Ateles sp. Ate-1,2746757
Chiropotes sp. CTGAM5363,2736752
Microcebus sp. JM-2020,2735722
Cebus imitator,2715852
Pithecia sp. UFPA Pit22,2704458
Cacajao sp. CTGAM5666,2704457
unclassified Cacajao,2704456
Chiropotes sp. CTGAM5663,2704455
unclassified Aotus (in: primates),2688256
unclassified Chlorocebus,2685534
Microcebus sp. south Manambery,2683930
Leontocebus,2681187
unclassified Propithecus,2677806
Homo sapiens environmental sample,2665953
environmental samples,2665952
unclassified Presbytis,2651172
Callicebus sp. n. GD-2019,2650809
unclassified Chiropotes,2649368
unclassified Hylobates,2647113
unclassified Nycticebus,2646861
unclassified Pithecia,2646430
unclassified Lagothrix,2645779
unclassified Lepilemur,2645584
unclassified Rhinopithecus,2644350
unclassified Saguinus,2642123
unclassified Lemur,2641939
unclassified Saimiri,2635411
unclassified Callimico,2634122
unclassified Semnopithecus,2632571
unclassified Papio,2632072
unclassified Microcebus,2630091
unclassified Galago,2628747
unclassified Mirza,2628182
unclassified Callicebus,2627897
unclassified Pongo,2624844
unclassified Tarsius,2624233
unclassified Trachypithecus,2623509
unclassified Macaca,2623225
unclassified Megaladapis,2620125
unclassified Sapajus,2619504
unclassified Palaeopropithecus,2619300
unclassified Colobus,2618863
unclassified Cebus,2618788
unclassified Cercopithecus,2618071
Paragalago zanzibaricus,2604443
Paragalago cocos,2604442
Paragalago,2604441
Mico munduruku,2592808
Mico marcai,2592807
Mico leucippe,2592806
Mico intermedius,2592805
Saguinus oedipus x Saguinus leucopus,2586294
Saguinus geoffroyi x Saguinus leucopus,2586293
Cephalopachus bancanus borneanus,2567999
Lagothrix tschudii,2565306
Lagothrix flavicauda,2565305
Cheirogaleus cf. medius RW-2019,2563322
Microcebus sp. 3 GT-2019,2508170
Xenothrix mcgregori,2490931
Xenothrix,2490930
Xenothricinae,2490929
Plecturocebus grovesi,2488670
Alouatta palliata x Alouatta pigra,2487933
Plecturocebus vieirai,2487713
Cheracebus lucifer,2487712
Microcebus ganzhorni,2483760
Chlorocebus sp. LDS-2018,2282232
Chlorocebus pygerythrus x Chlorocebus aethiops,2269071
Nomascus cf. leucogenys SSH-2018,2170374
Nomascus leucogenys x Nomascus siki,2170373
Nomascus gabriellae x Nomascus siki,2170372
Sapajus sp. M39 FD-2018,2093840
Sapajus sp. M12 FD-2018,2093839
Sapajus sp. M5 FD-2018,2093838
Sapajus sp. 22 FD-2018,2093837
Sapajus sp. 10 FD-2018,2093836
Sapajus sp. 9 FD-2018,2093835
Allochrocebus,2059839
Pongo tapanuliensis,2051901
Hylobates sp. OH-2017,2023128
Nycticebus coucang insularis,2020906
Macaca mulatta vestita,2008792
Cebus versicolor,1985289
Cebus unicolor,1985288
Cebus olivaceus castaneus,1985287
Cephalopachus bancanus bancanus,1971490
Cephalopachus,1971489
Saimiri sp. 3 EG-2017,1967466
Saimiri sp. 2 EG-2017,1967465
Saimiri sp. 1 EG-2017,1967464
Saguinus sp. EG-2017,1967463
Lagothrix sp. EG-2017,1967456
Cebus sp. 2 EG-2017,1967452
Cebus sp. 1 EG-2017,1967451
Ateles sp. EG-2017,1967450
Trachypithecus mauritius,1966384
Calibella,1965113
Cebuella,1965109
Mico,1965102
Callithrix,1965096
Papio kindae x Papio ursinus griseipes,1945559
Papio kindae x Papio cynocephalus,1945558
Papio anubis x Papio ursinus,1945557
Papio anubis x Papio cynocephalus,1945556
Hoolock leuconedys x Hoolock tianxing,1934191
Hoolock tianxing,1934190
Chlorocebus aethiops x Chlorocebus pygerythrus,1903316
Macaca leucogenys,1885588
Sapajus sp.,1874197
Carlito syrichta,1868482
Carlito,1868481
Callicebus sp. 2 MH-2016,1861705
Callicebus sp. 1 MH-2016,1861704
Callicebus ornatus,1861702
Callicebus caquetensis,1861701
Rhinopithecus sp.,1859147
Presbytis femoralis percura,1840580
Presbytis femoralis femoralis,1840579
Cheracebus regulus,1812110
Cheracebus medemi,1812106
Cheracebus,1812102
Plecturocebus brunneus,1812042
Plecturocebus miltoni,1812038
Plecturocebus cinerascens,1812037
Plecturocebus bernhardi,1812036
Plecturocebus,1812035
Semnopithecus sp.,1778600
Callimico sp.,1758239
Chiropotes sp.,1758238
Pithecia sp.,1758237
Mico chrysoleucus,1758231
Tarsius sp. CD-2015,1748402
Tarsius fuscus,1748400
Macaca fascicularis aureus,1747270
Galagoides zanzibaricus zanzibaricus,1738053
Galago senegalensis braccatus,1738052
Galagoides demidoff murinus,1738051
Loris lydekkerianus lydekkerianus,1738050
Loris tardigradus tardigradus,1738049
Galago senegalensis senegalensis,1738048
Galagoides rondoensis,1738047
Galagoides zanzibaricus udzungwensis,1738046
Macaca mulatta brevicaudus,1654737
Leontocebus cruzlimai,1618156
Nomascus annamensis,1616038
Palaeopropithecus maximus,1597978
Cercocebus atys atys,1592215
Cercopithecus sclateri,1579530
Cheirogaleus lavasoensis,1569974
Saimiri sp.,1561164
Saimiri vanzolinii,1561161
Cheracebus purinus,1560619
Papio anubis x hamadryas,1560552
Sapajus apella macrocephalus,1547595
Sapajus apella margaritae,1532888
Sapajus,1532884
Ateles marginatus,1529884
Palaeopropithecus ingens,1513477
Palaeopropithecidae,1513476
Pachylemur jullyi,1513475
Pachylemur,1513474
Ateles geoffroyi azuerensis,1497547
Ateles fusciceps rufiventris,1497546
Galagoides cocos,1487601
Callithrix jacchus x penicillata,1476500
Chlorocebus aethiops x djamdjamensis,1476079
Chiropotes sp. ZFMK_2008.244,1472258
Macaca mulatta lasiotus,1449913
Homo heidelbergensis,1425170
Eulemur cinereiceps x rufifrons,1417237
Eulemur albifrons x cinereiceps,1417236
Eulemur albifrons x rufifrons,1417231
Macaca assamensis assamensis,1411634
Alouatta seniculus puruensis,1347729
Callithrix flaviceps,1346251
Prolemur simus,1328070
Prolemur,1328069
Phaner parienti,1313325
Phaner electromontis,1313324
Avahi peyrierasi,1313323
Microcebus sp. d'Ambre,1310125
Microcebus marohita,1310124
Microcebus tanosi,1310123
Pan troglodytes verus x troglodytes,1294088
Callicebus dubius,1290433
Chlorocebus sp. TH-2013,1284216
Chlorocebus djamdjamensis,1284215
Callicebus oenanthe,1276855
Trachypithecus phayrei shanicus,1268362
Aotus zonalis,1263727
Aotus sp. LC-2012,1230482
Ateles hybridus hybridus,1230481
Eulemur albifrons,1215604
Macaca fascicularis fascicularis,1215360
Ateles geoffroyi ornatus,1214775
Semnopithecus hypoleucos,1208734
Semnopithecus priam,1208733
Simias,1203020
Rhinopithecus strykeri,1194336
Rhinopithecus bieti 2 RL-2012,1194335
Rhinopithecus bieti 1 RL-2012,1194334
Pygathrix cinerea 2 RL-2012,1194333
Pygathrix cinerea 1 RL-2012,1194332
Cercopithecus lomamiensis,1191211
Gorilla beringei beringei,1159185
Cercopithecus sp. WMS-2012,1144881
Allochrocebus preussi preussi,1137513
Allochrocebus preussi insularis,1137512
Cercopithecus denti,1137511
Cercopithecus pogonias schwarzianus,1137509
Cercopithecus wolfi pyrogaster,1137508
Cercopithecus pogonias pogonias,1137507
Cercopithecus pogonias nigripes,1137506
Cercopithecus wolfi elegans,1137505
Cercopithecus nictitans nictitans,1137495
Cercopithecus nictitans martini,1137494
Cercopithecus mitis stuhlmanni,1137491
Cercopithecus mitis opisthostictus,1137490
Cercopithecus albogularis monoides,1137489
Cercopithecus albogularis moloneyi,1137488
Cercopithecus albogularis labiatus,1137484
Cercopithecus albogularis francescae,1137483
Cercopithecus mitis mitis,1137482
Cercopithecus kandti,1137481
Cercopithecus mitis heymansi,1137480
Cercopithecus albogularis erythrarchus,1137476
Cercopithecus doggetti,1137474
Cercopithecus mitis boutourlinii,1137473
Cercopithecus albogularis albotorquatus,1137444
Cercopithecus erythrotis camerunensis,1137435
Cercopithecus erythrotis erythrotis,1137434
Cercopithecus erythrogaster pococki,1137433
Cercopithecus roloway,1137049
Cercopithecus dryas,1137048
Microcebus gerpi,1131379
Mico rondoni,1127763
Sapajus libidinosus,1126382
Trachypithecus phayrei holotephreus,1118394
Trachypithecus poliocephalus poliocephalus,1118393
Sapajus flavius,1112861
Saimiri sp. MAS-2011,1090919
Chlorocebus sp. MAS-2011,1090918
Chiropotes sp. MAS-2011,1090917
Cebus sp. MAS-2011,1090916
Callicebus sp. MAS-2011,1090915
Callimico sp. MAS-2011,1090914
Aotus sp. MAS-2011,1090913
Mico melanurus,1090896
Cebus olivaceus nigrivittatus,1090893
Saguinus inustus,1079039
Primates sp. BOLD:AAF0367,1068294
Primates sp. BOLD:AAD0215,1068293
Primates sp. BOLD:AAC7735,1068292
Presbytis thomasi,1046103
Presbytis rubicunda rubicunda,1046102
Presbytis rubicunda,1046101
Presbytis potenziani siberu,1046100
Presbytis potenziani potenziani,1046099
Presbytis potenziani,1046098
Presbytis melalophos sumatranus,1046097
Presbytis melalophos melalophos,1046096
Presbytis melalophos bicolor,1046095
Presbytis hosei hosei,1046094
Presbytis hosei,1046093
Presbytis frontata,1046092
Presbytis comata fredericae,1046091
Presbytis chrysomelas,1046090
Trachypithecus shortridgei,1042121
Aotus sp. AVB-2011,1002694
Propithecus perrieri,989338
Tarsius wallacei,981131
Primates sp. BOLD:AAO0053,976302
Primates sp. BOLD:AAJ7304,976301
Primates sp. BOLD:AAE4744,976300
Primates sp. BOLD:AAC9009,976299
Primates sp. BOLD:AAA0001,976298
Saimiri oerstedii citrinellus,942008
Aotus sp. SHM-2010,940829
Tarsius sangirensis,905053
Lepilemur wrightae,886968
Lepilemur tymerlachsoni,886967
Lepilemur scottorum,886966
Lepilemur randrianasoloi,886965
Lepilemur petteri,886964
Lepilemur milanoii,886963
Lepilemur hollandorum,886961
Lepilemur grewcockorum,886960
Lepilemur fleuretae,886959
Lepilemur betsileo,886958
Lepilemur ahmansonorum,886957
Saguinus imperator subgrisescens,881951
Leontocebus fuscicollis lagonotus,881950
Leontocebus fuscicollis nigrifrons,881949
Leontocebus fuscicollis illigeri,881947
Leontocebus fuscicollis leucogenys,881946
Saguinus graellsi,873073
Leontocebus nigricollis nigricollis,873070
Saguinus mystax mystax,873069
Saguinus melanoleucus melanoleucus,873068
Saguinus melanoleucus,873067
Saguinus labiatus labiatus,873066
Trachypithecus hatinhensis,867383
Semnopithecus hector,867382
Semnopithecus entellus entellus,867381
Saimiri oerstedii oerstedii,867380
Hapalemur occidentalis,867377
Galagoides thomasi,867376
Cheirogaleus minusculus,867375
Cercopithecus wolfi wolfi,867374
Cercopithecus hamlyni hamlyni,867373
Cercopithecus albogularis kolbi,867372
Cercopithecus albogularis,867370
Sapajus nigritus robustus,867367
Sapajus nigritus,867366
Callithrix kuhlii,867363
Mico argentatus argentatus,867362
Callicebus nigrifrons,867334
Callicebus coimbrai,867333
Plecturocebus caligatus,867332
Aotus azarai infulatus,867331
Microcebus margotmarshae,864581
Microcebus arnholdi,864580
Eulemur rufifrons,859984
Eulemur rufus,859983
Ateles geoffroyi frontatus,795835
Lagothrix cana,767357
Lagothrix poeppigii,767356
Lagothrix lugens,767355
Microcebus sp. DWW-2010a,764313
Pan troglodytes ellioti,756884
Lepilemur hubbardorum,756882
Cheirogaleus sibreei,752538
Trachypithecus francoisi x poliocephalus,744437
Homo sapiens subsp. 'Denisova',741158
Hylobates lar vestitus,716698
Hylobates lar lar,716697
Hylobates lar entelloides,716696
Hylobates lar carpenteri,716695
Hylobates muelleri abbotti,716694
Hylobates muelleri funereus,716693
Hylobates muelleri muelleri,716692
Hylobates albibarbis,716691
Hylobates agilis agilis,716690
Nomascus concolor lu,716685
Nomascus concolor concolor,716684
Nomascus hainanus,693984
Pygathrix cinerea,693712
Mico humilis,666519
Trachypithecus poliocephalus leucocephalus,662738
Tarsius sp. FFA-2009a,662655
Tarsius tarsier,662464
Cacajao calvus rubicundus,658400
Cacajao calvus novaesi,658398
Chiropotes chiropotes,658221
Sapajus cay,649471
Tarsius dentatus x lariang,642591
Eulemur cinereiceps,639525
Lagothrix sp. CCS-2009a,638937
Tarsius lariang,630277
Chiropotes albinasus x satanas,626367
Trachypithecus vetulus vetulus,614071
Ponginae,607660
Pithecia monachus,595220
Hoolock leuconedys,593543
Piliocolobus preussi,591945
Piliocolobus pennantii,591944
Piliocolobus foai,591938
Piliocolobus kirkii,591937
Piliocolobus tephrosceles,591936
Piliocolobus tholloni,591935
Piliocolobus rufomitratus,591934
Piliocolobus gordonorum,591933
Piliocolobus,591932
Trachypithecus sp.,580599
Phaner pallescens,568393
Miopithecus talapoin talapoin,560240
Varecia rubra,554167
Microcebus sp. Anjiahely,548482
Microcebus macarthurii,548481
Propithecus candidus,543560
Propithecus edwardsi,543559
Rhinopithecus,542827
Cacajao hosomi,535897
Cacajao ayresi,535896
Hadropithecus stenognathus,523825
Hadropithecus,523824
Archaeolemur edwardsi,523822
Archaeolemur majori,523821
Archaeolemur,523820
Colobus satanas satanas,517013
Colobus satanas,517012
Chlorocebus pygerythrus hilgerti,508712
Chlorocebus tantalus budgetti,508710
Pongo abelii x pygmaeus,502961
Papio cynocephalus ibeanus,501791
Gorilla beringei,499232
Saimiri sciureus macrodon,495300
Saimiri sciureus cassiquiarensis,495299
Saimiri sciureus albigena,495298
Saimiri boliviensis peruviensis,495297
Piliocolobus badius temminckii,491853
Piliocolobus badius badius,491852
Lepilemur jamesorum,486960
Propithecus deckenii deckenii,481705
Otolemur garnettii garnettii,477174
Propithecus deckenii coronatus,475619
Propithecus deckenii,475618
Microcebus sp. 'mangabenensis',469557
Microcebus sp. 'manombonensis',469556
Microcebus sp. 'anosynensis',469555
Trachypithecus poliocephalus,465719
Trachypithecus laotum,465718
Trachypithecus delacouri,465717
Chlorocebus cynosuros,460675
Chlorocebus pygerythrus pygerythrus,460674
Lepilemur otto,458173
Lepilemur manasamody,458171
Trachypithecus auratus mauritius,449596
Tarsius dentatus,449501
Macaca radiata radiata,439030
Papio sp. PS-2007,425246
Hylobates sp. PS-2007,425245
Nomascus concolor furvogaster,423450
Nomascus concolor jingdongensis,423449
Hylobates sp. ECACC MLA144,419588
Microcebus sp. Antanosy,418100
Mirza sp. 001y03,415977
Microcebus mamiratra,415757
Aotus sp. Aot1,413234
Microcebus sp. Maroakata,412761
Microcebus sp. Mahajamba-Est,412760
Microcebus sp. Bora,412759
Microcebus sp. Ambongabe,412758
Microcebus lokobensis,412752
Microcebus danfossi,412751
Microcebus bongolavensis,412750
Gorilla gorilla diehli,406788
Symphalangus syndactylus syndactylus,405039
Macaca munzala,402888
Avahi cleesei,402244
Avahi unicolor,402239
Lepilemur sp. hubbardi,400023
Chlorocebus,392815
Microcebus sp. ANT5.1,388736
Propithecus coquereli,379532
Atelidae,378855
Saimiriinae,378850
Lepilemur mittermeieri,378517
Colobus vellerosus x angolensis,378196
Colobus vellerosus,378195
Pitheciidae,376919
Aotidae,376918
Lorisiformes,376917
Chiromyiformes,376916
Lemuriformes,376915
Haplorrhini,376913
Tarsiiformes,376912
Strepsirrhini,376911
Procolobus verus,373033
Colobus guereza occidentalis,373032
Colobus guereza caudatus,373031
Colobus guereza matschiei,373030
Rungwecebus kipunji,371039
Rungwecebus,371038
Aotus brumbacki,361674
Saguinus martinsi,356666
Saguinus niger,356665
Microcebus lehilahytsara,343908
Leontocebus fuscicollis weddelli,343424
Brachyteles hypoxanthus,342807
Lepilemur ankaranensis,342401
Lepilemur aeeclis,342399
Lepilemur sahamalazensis,342398
Mirza zaza,339999
Otolemur monteiri argentatus,337214
Otolemur monteiri monteiri,337213
Otolemur monteiri,337212
Galagoides orinus,337210
Colobus angolensis palliatus,336983
Nomascus nasutus,327374
Colobus sp. MB-2005,325172
Hoolock,325167
Symphalangus,325166
Nomascus,325165
Palaeopropithecus sp. KPK-2005,322027
Palaeopropithecus sp. UA6184,322026
Palaeopropithecus sp. UA4466,322025
Palaeopropithecus,322024
Megaladapis sp. UA4822,322023
Megaladapis sp. UA4821,322022
Megaladapis sp. UA4823,322021
Megaladapis sp. UA5482,322020
Hominoidea,314295
Cercopithecoidea,314294
Simiiformes,314293
Nycticebus javanicus,310934
Nycticebus coucang coucang,310933
Nycticebus menagensis,310932
Pygathrix nigripes,310352
Cercopithecus campbelli lowei,304410
Cercopithecus erythrogaster erythrogaster,304409
Cercopithecus campbelli,303588
Pygathrix nemaeus nemaeus,303485
Loris lydekkerianus malabaricus,300166
Loris lydekkerianus,300163
Arctocebus aureus,300161
Aotus griseimembra,292213
Cheirogaleus crossleyi,291259
Saguinus leucopus,290597
Hylobates sp. AMA-2004,288892
Colobus sp. DTG-2004,288544
Pithecia pithecia pithecia,285955
Plecturocebus donacophilus donacophilus,285954
Papio sp. Africa-2004,285280
Macaca balantak x tonkeana,281405
Macaca balantak,281404
Hylobates sp. IGL-2004,280856
Aotus azarai boliviensis,280755
Chiropotes israelita,280163
Chiropotes utahickae,280160
Ateles sp. JPV-2004,278713
Trachypithecus phayrei crepuscula,272121
Trachypithecus phayrei phayrei,272120
Trachypithecus francoisi francoisi,272119
Trachypithecus auratus auratus,272118
Presbytis melalophos mitrata,272115
Presbytis comata comata,272114
Trachypithecus barbei,271261
Trachypithecus germaini,271260
Microcebus sp. EELHDZ VEV35,270675
Microcebus sp. EELHDZ VEV33,270674
Microcebus sp. EELHDZ TAD23,270540
Microcebus sp. EELHDZ M98,270538
Ateles sp. KO-2004,269772
Cercopithecus wolfi,263448
Nycticebus bengalensis,261741
Loris tardigradus nordicus,261740
Arctocebus calabarensis,261739
Arctocebus,261738
Perodicticus potto ibeanus,261737
Euoticus elegantulus,261736
Euoticus,261735
Phaner furcifer,261734
Phaner,261733
Galago gabonensis,261731
Aotus sp. PDE-2004,261316
Saguinus sp. T1030,260575
Macaca thibetana thibetana,257877
Cercocebus agilis,255237
Macaca siberu,244255
Lepilemur seali,236288
Lepilemur mitsinjoensis,236287
Microcebus jollyae,236275
Microcebus mittermeieri,236274
Microcebus simmonsi,236272
Aotus sp. (in: primates),231953
Plecturocebus donacophilus,230833
Macaca pagensis,230653
Rhinopithecus brelichi,224329
Aotus sp. NIM-2003,222417
Trachypithecus auratus,222416
Callithrix sp. DB-2003,217956
Papio anubis anubis,211508
Cheracebus lugens,210166
Papio cynocephalus x Papio anubis,208510
Papio kindae,208091
Papio ursinus griseipes,208090
Papio ursinus ursinus,208089
Homininae,207598
Chiropotes satanas x albinasus,202458
Plecturocebus cupreus,202457
Mico saterei,198702
Mico cf. emiliae,198701
Chiropotes albinasus,198627
Alouatta macconnelli,198115
Saimiri sciureus collinsi,198114
Cercopithecus petaurista buettikoferi,192893
Cercopithecus pogonias grayi,192863
Cercopithecus petaurista petaurista,192862
Cercopithecus mona campbelli,192861
Cercopithecus cephus cephus,192860
Cercopithecus cephus cephodes,192859
Cercopithecus ascanius whitesidei,192858
Cercopithecus ascanius schmidti,192857
Cercopithecus ascanius katangae,192856
Cercopithecus ascanius ascanius,192855
Saimiri sciureus sciureus,190117
Megaladapis edwardsi,185953
Hapalemur griseus JF2002,185596
Lepilemur sp. RANO235,185591
Lepilemur sp. RANO234,185590
Lepilemur sp. RANO236,185458
Lepilemur microdon,185457
Gorilla gorilla uellensis,183511
Alouatta guariba clamitans,183328
Ateles fusciceps robustus,183327
Alouatta belzebul belzebul,182257
Alouatta guariba,182256
Alouatta seniculus seniculus,182254
Alouatta pigra,182253
Alouatta palliata aequatorialis,182252
Alouatta palliata trabeata,182251
Alouatta palliata palliata,182250
Alouatta palliata coibensis,182249
Alouatta palliata mexicana,182248
Macaca fuscata yakui,179089
Sapajus xanthosternos,174599
Sapajus apella apella,174598
Propithecus diadema marshi,171947
Propithecus diadema diadema,171945
Macaca hecki x tonkeana,171293
Simias concolor,170207
Macaca maura x tonkeana,168259
Aotinae gen. sp.,168015
Cercopithecus cephus ngottoensis,167131
Cercopithecus erythrotis,167130
Trachypithecus pileatus,164651
Trachypithecus geei,164650
Piliocolobus badius,164648
Procolobus,164647
Alouatta stramineus,163110
Cercopithecus erythrogaster,161496
Hylobates sp. TIB-201,150249
Allochrocebus solatus,147650
Allochrocebus preussi,147649
Microcebus griseorufus,143354
Microcebus sambiranensis,143353
Microcebus berthae,143352
Microcebus tavaratra,143351
Microcebus myoxinus,143283
Galago matschiei,135486
Colobus guereza kikuyuensis,132548
Avahi occidentalis,132108
Ateles hybridus,129801
Megaladapis sp.,126594
Megaladapis,126593
Trachypithecus cristatus,122765
Leontocebus tripartitus,122388
Allocebus,122247
Avahi laniger,122246
Avahi,122245
Microcebus rufus,122232
Microcebus ravelobensis,122231
Lepilemur edwardsi,122230
Propithecus verreauxi verreauxi,122229
Eulemur sanfordi,122225
Eulemur fulvus albocollaris,122224
Hapalemur aureus,122222
Hapalemur griseus occidentalis,122221
Hapalemur griseus alaotrensis,122220
Hapalemur griseus griseus,122219
Alouatta sara,121123
unclassified Ateles,120432
Aotus azarai azarai,120088
Ateles sp. haplotype Afr27,119640
Ateles sp. haplotype Agp13,119639
Ateles sp. haplotype Abh19,119638
Ateles sp. haplotype Afr21,119634
Ateles sp. haplotype Afr20,119633
Ateles sp. haplotype Afr19,119632
Ateles sp. haplotype Agsubspp. 16,119631
Ateles sp. haplotype Abh11,119630
Ateles sp. haplotype Abh10,119629
Ateles sp. haplotype Abh9,119628
Ateles geoffroyi yucatanensis,118649
Ateles geoffroyi vellerosus,118648
Ateles geoffroyi panamensis,118647
Ateles belzebuth marginatus,118644
Ateles chamek,118643
Callicebus sp.,116962
Galagoides zanzibaricus,111174
Galago gallarum,111173
Nycticebus sp.,108082
Papio cynocephalus cynocephalus,106398
Cercopithecus pogonias,102108
Chlorocebus aethiops aethiops,101841
Xanthonycticebus pygmaeus,101278
Papio papio,100937
Chlorocebus aethiops vervet,100936
Saguinus sp.,100754
Cercopithecus mona mona,100489
Miopithecus ogouensis,100488
Cercopithecus petaurista,100487
Lepilemur leucopus,100475
Allochrocebus lhoesti,100224
Macaca nemestrina nemestrina,90388
Macaca leonina,90387
Macaca fascicularis philippinensis,90386
Macaca ochreata,90385
Macaca nigrescens,90384
Macaca maura,90383
Macaca hecki,90382
Macaca brunnescens,90381
Galagoides demidoff,89672
Galagoides,89671
Semnopithecus entellus,88029
Semnopithecus,88028
Varecia variegata variegata,87289
Eulemur flavifrons,87288
Cacajao calvus calvus,85699
Mirza,83691
Propithecus diadema,83281
Cercocebus torquatus torquatus,81944
Hylobates moloch,81572
Lepilemur ruficaudatus,78866
Lepilemur septentrionalis,78584
Lepilemur dorsalis,78583
Saguinus labiatus,78454
Presbytis femoralis,78453
Presbytis comata,78452
Presbytis melalophos,78451
Macaca cyclopis,78449
Saguinus midas midas,78354
Callicebus personatus personatus,78275
Callicebus personatus nigrifrons,78274
Plecturocebus hoffmannsi,78255
Cercocebus atys lunulatus,75570
Cercocebus chrysogaster,75569
Lophocebus albigena albigena,75568
Lophocebus albigena,75567
Lophocebus aterrimus,75566
Lophocebus,75565
Saimiri oerstedii,70928
Cacajao rubicundus,70927
Cacajao melanocephalus,70825
Callicebus personatus,70814
Simiiformes sp.,70699
Lemur sp.,69491
Saimiri ustus,66265
Trachypithecus johnii,66063
Rhinopithecus avunculus,66062
Presbytis senex,66055
Homo sapiens neanderthalensis,63221
Nomascus leucogenys,61853
Nomascus gabriellae,61852
Hoolock hoolock,61851
Rhinopithecus roxellana,61622
Rhinopithecus bieti,61621
Trachypithecus phayrei,61618
Papio sp.,61183
Chlorocebus tantalus,60712
Chlorocebus sabaeus,60711
Chlorocebus pygerythrus,60710
Leontopithecus chrysopygus,58710
Callithrix penicillata,57378
Mico mauesi,57377
Callithrix aurita,57375
Leontopithecus chrysomelas,57374
Aotus vociferans,57176
Aotus nigriceps,57175
unclassified Primates,57118
Macaca thibetana,54602
Macaca silenus,54601
Macaca nigra,54600
Trachypithecus obscurus,54181
Trachypithecus francoisi,54180
Trachypithecus vetulus,54137
Trachypithecus,54136
Allenopithecus nigroviridis,54135
Allenopithecus,54134
Pygathrix nemaeus,54133
Pygathrix,54132
Colobus angolensis,54131
Mico humeralifer,52232
Callithrix geoffroyi,52231
Mico emiliae,48842
Leontocebus fuscicollis fuscicollis,48018
Mirza coquereli,47180
Eulemur fulvus collaris,47178
Cheirogaleus major,47177
Gorilla beringei graueri,46359
Nasalis larvatus,43780
Nasalis,43779
Saguinus geoffroyi,43778
Pithecia pithecia,43777
Aotus lemurinus,43147
Macaca tonkeana,40843
Eulemur fulvus fulvus,40322
Galagidae,40297
Propithecus sp.,39582
Saimiri boliviensis boliviensis,39432
unclassified Cebidae,38071
Cebinae,38070
Callicebinae,38069
Atelinae,38068
Alouattinae,38066
Pitheciinae,38039
Callitrichinae sp.,38020
Saguinus bicolor bicolor,37589
Saguinus bicolor,37588
Cebus olivaceus,37295
Cebus kaapori,37294
Aotus nancymaae,37293
Pan troglodytes verus,37012
Pan troglodytes troglodytes,37011
Pan troglodytes schweinfurthii,37010
Ateles paniscus x Ateles fusciceps,36234
Trachypithecus auratus pyrrhus,36233
Miopithecus talapoin,36231
Miopithecus,36230
Papio ursinus,36229
Cercopithecus nictitans,36228
Cercopithecus neglectus,36227
Cercopithecus mona,36226
Cercopithecus mitis,36225
Cercopithecus diana,36224
Cercopithecus ascanius,36223
Galago alleni,34830
Eulemur rubriventer,34829
Eulemur mongoz,34828
Indri indri,34827
Indri,34826
Propithecus verreauxi,34825
Colobus sp.,34824
Colobus guereza,33548
Daubentonia madagascariensis,31869
Cheirogaleidae,30615
Lepilemuridae,30614
Daubentoniidae,30613
Tarsius sp.,30612
Otolemur garnettii,30611
Otolemur,30610
Galago moholi,30609
Microcebus murinus,30608
Eulemur macaco macaco,30603
Eulemur macaco,30602
Propithecus tattersalli,30601
Propithecus,30600
Indriidae,30599
Pithecia irrorata,30598
Pithecia,30597
Cacajao calvus,30596
Cacajao,30595
Brachyteles arachnoides,30594
Brachyteles,30593
Cheracebus torquatus,30592
Aotus azarai,30591
Alouatta belzebul,30590
Alouatta palliata,30589
Leontopithecus rosalia,30588
Leontopithecus,30587
Saguinus midas,30586
Nomascus concolor,29089
Eulemur fulvus mayottensis,27680
Saimiri boliviensis,27679
Hapalemur griseus,13557
Hapalemur,13556
Eulemur fulvus,13515
Eulemur coronatus,13514
Eulemur,13513
Microcebus,13149
Daubentonia,13038
Homo sapiens,9606
Homo,9605
Hominidae,9604
Pongo sp.,9603
Pongo pygmaeus pygmaeus,9602
Pongo abelii,9601
Pongo pygmaeus,9600
Pongo,9599
Pan troglodytes,9598
Pan paniscus,9597
Pan,9596
Gorilla gorilla gorilla,9595
Gorilla gorilla,9593
Gorilla,9592
Symphalangus syndactylus,9590
Hylobates pileatus,9589
Hylobates muelleri,9588
Hylobates klossii,9587
Nomascus siki,9586
Hylobates agilis unko,9583
Hylobates sp.,9581
Hylobates lar,9580
Hylobates agilis,9579
Hylobates,9578
Hylobatidae,9577
Cercopithecidae gen. sp.,9576
Presbytis,9573
Colobus polykomos,9572
Colobus,9570
Colobinae,9569
Mandrillus leucophaeus,9568
Mandrillus,9567
Theropithecus gelada,9565
Theropithecus,9564
Papio hamadryas hamadryas,9562
Mandrillus sphinx,9561
Papio hamadryas,9557
Papio cynocephalus,9556
Papio anubis,9555
Papio,9554
Macaca speciosa,9553
Macaca sinica,9552
Macaca assamensis,9551
Macaca sp.,9549
Macaca radiata,9548
Macaca sylvanus,9546
Macaca nemestrina,9545
Macaca mulatta,9544
Macaca fuscata fuscata,9543
Macaca fuscata,9542
Macaca fascicularis,9541
Macaca arctoides,9540
Macaca,9539
Erythrocebus patas,9538
Erythrocebus,9537
Cercopithecus hamlyni,9536
Cercopithecus cephus,9535
Chlorocebus aethiops,9534
Cercopithecus,9533
Cercocebus galeritus,9532
Cercocebus atys,9531
Cercocebus torquatus,9530
Cercocebus,9529
Cercopithecinae,9528
Cercopithecidae,9527
Catarrhini,9526
Chiropotes satanas,9525
Chiropotes,9524
Plecturocebus moloch,9523
Callicebus,9522
Saimiri sciureus,9521
Saimiri,9520
Lagothrix lagotricha,9519
Lagothrix,9518
Cebus sp.,9517
Cebus capucinus,9516
Sapajus apella,9515
Cebus albifrons,9514
Cebus,9513
Ateles sp.,9511
Ateles paniscus,9510
Ateles geoffroyi,9509
Ateles fusciceps,9508
Ateles belzebuth,9507
Ateles,9506
Aotus trivirgatus,9505
Aotus,9504
Alouatta seniculus,9503
Alouatta caraya,9502
Alouatta,9499
Cebidae,9498
Callimico goeldii,9495
Callimico,9494
Cebuella pygmaea,9493
Saguinus imperator,9491
Saguinus oedipus,9490
Leontocebus nigricollis,9489
Saguinus mystax,9488
Leontocebus fuscicollis,9487
Saguinus,9486
Callithrix sp.,9485
Callithrix jacchus,9483
Mico argentatus,9482
Callithrix,9481
Callitrichinae,9480
Platyrrhini,9479
Cephalopachus bancanus,9477
Tarsius,9476
Tarsiidae,9475
Perodicticus potto edwarsi,9473
Perodicticus potto,9472
Perodicticus,9471
Nycticebus coucang,9470
Nycticebus,9469
Loris tardigradus,9468
Loris,9467
Galago senegalensis,9465
Galago sp.,9464
Otolemur crassicaudatus,9463
Galago,9462
Lorisidae,9461
Cheirogaleus medius,9460
Cheirogaleus,9459
Varecia variegata,9455
Varecia,9454
Lepilemur mustelinus,9453
Lepilemur,9452
Lemur catta,9447
Lemur,9446
Lemuridae,9445
Primates,9443
